<?xml version="1.0" encoding="UTF-8"?>
<export version="D">
  <design>
    <source>/home/loup/Kicad/CAPE_Controller_Schield/CAPE_Controller_schield.sch</source>
    <date>mer. 24 janv. 2018 20:42:55 EST</date>
    <tool>Eeschema 4.0.2+dfsg1-stable</tool>
    <sheet number="1" name="/" tstamps="/">
      <title_block>
        <title/>
        <company/>
        <rev/>
        <date/>
        <source>CAPE_Controller_schield.sch</source>
        <comment number="1" value=""/>
        <comment number="2" value=""/>
        <comment number="3" value=""/>
        <comment number="4" value=""/>
      </title_block>
    </sheet>
  </design>
  <components>
    <comp ref="U6">
      <value>PS2501</value>
      <footprint>Housings_DIP:DIP-16_W7.62mm_LongPads</footprint>
      <libsource lib="Custom" part="PS2501"/>
      <sheetpath names="/" tstamps="/"/>
      <tstamp>5A563E74</tstamp>
    </comp>
    <comp ref="U7">
      <value>PS2501</value>
      <footprint>Housings_DIP:DIP-16_W7.62mm_LongPads</footprint>
      <libsource lib="Custom" part="PS2501"/>
      <sheetpath names="/" tstamps="/"/>
      <tstamp>5A56405D</tstamp>
    </comp>
    <comp ref="R16">
      <value>240</value>
      <footprint>Custom:Resistor_Horizontal_RM10mm</footprint>
      <libsource lib="device" part="R"/>
      <sheetpath names="/" tstamps="/"/>
      <tstamp>5A56437C</tstamp>
    </comp>
    <comp ref="R17">
      <value>240</value>
      <footprint>Custom:Resistor_Horizontal_RM10mm</footprint>
      <libsource lib="device" part="R"/>
      <sheetpath names="/" tstamps="/"/>
      <tstamp>5A56478D</tstamp>
    </comp>
    <comp ref="R19">
      <value>240</value>
      <footprint>Custom:Resistor_Horizontal_RM10mm</footprint>
      <libsource lib="device" part="R"/>
      <sheetpath names="/" tstamps="/"/>
      <tstamp>5A564822</tstamp>
    </comp>
    <comp ref="R18">
      <value>240</value>
      <footprint>Custom:Resistor_Horizontal_RM10mm</footprint>
      <libsource lib="device" part="R"/>
      <sheetpath names="/" tstamps="/"/>
      <tstamp>5A56494F</tstamp>
    </comp>
    <comp ref="R20">
      <value>240</value>
      <footprint>Custom:Resistor_Horizontal_RM10mm</footprint>
      <libsource lib="device" part="R"/>
      <sheetpath names="/" tstamps="/"/>
      <tstamp>5A5649B8</tstamp>
    </comp>
    <comp ref="R21">
      <value>240</value>
      <footprint>Custom:Resistor_Horizontal_RM10mm</footprint>
      <libsource lib="device" part="R"/>
      <sheetpath names="/" tstamps="/"/>
      <tstamp>5A564A2D</tstamp>
    </comp>
    <comp ref="R22">
      <value>240</value>
      <footprint>Custom:Resistor_Horizontal_RM10mm</footprint>
      <libsource lib="device" part="R"/>
      <sheetpath names="/" tstamps="/"/>
      <tstamp>5A564A6E</tstamp>
    </comp>
    <comp ref="R15">
      <value>240</value>
      <footprint>Custom:Resistor_Horizontal_RM10mm</footprint>
      <libsource lib="device" part="R"/>
      <sheetpath names="/" tstamps="/"/>
      <tstamp>5A564B41</tstamp>
    </comp>
    <comp ref="D9">
      <value>LED</value>
      <footprint>LEDs:LED-3MM</footprint>
      <libsource lib="device" part="LED"/>
      <sheetpath names="/" tstamps="/"/>
      <tstamp>5A564CA4</tstamp>
    </comp>
    <comp ref="D10">
      <value>LED</value>
      <footprint>LEDs:LED-3MM</footprint>
      <libsource lib="device" part="LED"/>
      <sheetpath names="/" tstamps="/"/>
      <tstamp>5A564D31</tstamp>
    </comp>
    <comp ref="D11">
      <value>LED</value>
      <footprint>LEDs:LED-3MM</footprint>
      <libsource lib="device" part="LED"/>
      <sheetpath names="/" tstamps="/"/>
      <tstamp>5A564DAE</tstamp>
    </comp>
    <comp ref="D12">
      <value>LED</value>
      <footprint>LEDs:LED-3MM</footprint>
      <libsource lib="device" part="LED"/>
      <sheetpath names="/" tstamps="/"/>
      <tstamp>5A564DE1</tstamp>
    </comp>
    <comp ref="D13">
      <value>LED</value>
      <footprint>LEDs:LED-3MM</footprint>
      <libsource lib="device" part="LED"/>
      <sheetpath names="/" tstamps="/"/>
      <tstamp>5A564E29</tstamp>
    </comp>
    <comp ref="D14">
      <value>LED</value>
      <footprint>LEDs:LED-3MM</footprint>
      <libsource lib="device" part="LED"/>
      <sheetpath names="/" tstamps="/"/>
      <tstamp>5A564E60</tstamp>
    </comp>
    <comp ref="D15">
      <value>LED</value>
      <footprint>LEDs:LED-3MM</footprint>
      <libsource lib="device" part="LED"/>
      <sheetpath names="/" tstamps="/"/>
      <tstamp>5A564E99</tstamp>
    </comp>
    <comp ref="D16">
      <value>LED</value>
      <footprint>LEDs:LED-3MM</footprint>
      <libsource lib="device" part="LED"/>
      <sheetpath names="/" tstamps="/"/>
      <tstamp>5A564EE2</tstamp>
    </comp>
    <comp ref="U9">
      <value>ULN2803</value>
      <footprint>Housings_DIP:DIP-18_W7.62mm_LongPads</footprint>
      <libsource lib="Custom" part="ULN2803"/>
      <sheetpath names="/" tstamps="/"/>
      <tstamp>5A56685C</tstamp>
    </comp>
    <comp ref="P13">
      <value>CONN_01X08</value>
      <footprint>Terminal_Blocks:TerminalBlock_Pheonix_PT-3.5mm_8pol</footprint>
      <libsource lib="conn" part="CONN_01X08"/>
      <sheetpath names="/" tstamps="/"/>
      <tstamp>5A568FB3</tstamp>
    </comp>
    <comp ref="P14">
      <value>CONN_01X02</value>
      <footprint>Terminal_Blocks:TerminalBlock_Pheonix_PT-3.5mm_2pol</footprint>
      <libsource lib="conn" part="CONN_01X02"/>
      <sheetpath names="/" tstamps="/"/>
      <tstamp>5A569128</tstamp>
    </comp>
    <comp ref="D18">
      <value>400V3A</value>
      <footprint>Diodes_ThroughHole:Diode_DO-41_SOD81_Horizontal_RM10</footprint>
      <libsource lib="device" part="D_Schottky"/>
      <sheetpath names="/" tstamps="/"/>
      <tstamp>5A56B742</tstamp>
    </comp>
    <comp ref="F9">
      <value>500mA</value>
      <footprint>SMD_Packages:SMD-1210_Pol</footprint>
      <libsource lib="device" part="F_Small"/>
      <sheetpath names="/" tstamps="/"/>
      <tstamp>5A56E85C</tstamp>
    </comp>
    <comp ref="F8">
      <value>500mA</value>
      <footprint>SMD_Packages:SMD-1210_Pol</footprint>
      <libsource lib="device" part="F_Small"/>
      <sheetpath names="/" tstamps="/"/>
      <tstamp>5A56EE5C</tstamp>
    </comp>
    <comp ref="F7">
      <value>500mA</value>
      <footprint>SMD_Packages:SMD-1210_Pol</footprint>
      <libsource lib="device" part="F_Small"/>
      <sheetpath names="/" tstamps="/"/>
      <tstamp>5A56EF12</tstamp>
    </comp>
    <comp ref="F6">
      <value>500mA</value>
      <footprint>SMD_Packages:SMD-1210_Pol</footprint>
      <libsource lib="device" part="F_Small"/>
      <sheetpath names="/" tstamps="/"/>
      <tstamp>5A56EF76</tstamp>
    </comp>
    <comp ref="F5">
      <value>500mA</value>
      <footprint>SMD_Packages:SMD-1210_Pol</footprint>
      <libsource lib="device" part="F_Small"/>
      <sheetpath names="/" tstamps="/"/>
      <tstamp>5A56EFDD</tstamp>
    </comp>
    <comp ref="F4">
      <value>500mA</value>
      <footprint>SMD_Packages:SMD-1210_Pol</footprint>
      <libsource lib="device" part="F_Small"/>
      <sheetpath names="/" tstamps="/"/>
      <tstamp>5A56F047</tstamp>
    </comp>
    <comp ref="F3">
      <value>500mA</value>
      <footprint>SMD_Packages:SMD-1210_Pol</footprint>
      <libsource lib="device" part="F_Small"/>
      <sheetpath names="/" tstamps="/"/>
      <tstamp>5A56F0B4</tstamp>
    </comp>
    <comp ref="F2">
      <value>500mA</value>
      <footprint>SMD_Packages:SMD-1210_Pol</footprint>
      <libsource lib="device" part="F_Small"/>
      <sheetpath names="/" tstamps="/"/>
      <tstamp>5A56F128</tstamp>
    </comp>
    <comp ref="C4">
      <value>0.1uF</value>
      <footprint>Capacitors_ThroughHole:C_Disc_D6_P5</footprint>
      <libsource lib="device" part="C_Small"/>
      <sheetpath names="/" tstamps="/"/>
      <tstamp>5A573E2F</tstamp>
    </comp>
    <comp ref="U4">
      <value>MCP23008</value>
      <footprint>Housings_DIP:DIP-18_W7.62mm_LongPads</footprint>
      <libsource lib="Custom" part="MCP23008"/>
      <sheetpath names="/" tstamps="/"/>
      <tstamp>5A57AB7E</tstamp>
    </comp>
    <comp ref="C9">
      <value>0.1uF</value>
      <footprint>Capacitors_ThroughHole:C_Disc_D6_P5</footprint>
      <libsource lib="device" part="C_Small"/>
      <sheetpath names="/" tstamps="/"/>
      <tstamp>5A57C47F</tstamp>
    </comp>
    <comp ref="C8">
      <value>10uF</value>
      <footprint>Capacitors_ThroughHole:C_Radial_D8_L11.5_P3.5</footprint>
      <libsource lib="device" part="CP1_Small"/>
      <sheetpath names="/" tstamps="/"/>
      <tstamp>5A57C485</tstamp>
    </comp>
    <comp ref="R12">
      <value>1K</value>
      <footprint>Custom:Resistor_Horizontal_RM10mm</footprint>
      <libsource lib="device" part="R"/>
      <sheetpath names="/" tstamps="/"/>
      <tstamp>5A58457D</tstamp>
    </comp>
    <comp ref="R14">
      <value>1K</value>
      <footprint>Custom:Resistor_Horizontal_RM10mm</footprint>
      <libsource lib="device" part="R"/>
      <sheetpath names="/" tstamps="/"/>
      <tstamp>5A5846BA</tstamp>
    </comp>
    <comp ref="R1">
      <value>4,7K</value>
      <footprint>Custom:Resistor_Horizontal_RM10mm</footprint>
      <libsource lib="device" part="R"/>
      <sheetpath names="/" tstamps="/"/>
      <tstamp>5A5847D9</tstamp>
    </comp>
    <comp ref="R9">
      <value>1K</value>
      <footprint>Custom:Resistor_Horizontal_RM10mm</footprint>
      <libsource lib="device" part="R"/>
      <sheetpath names="/" tstamps="/"/>
      <tstamp>5A584866</tstamp>
    </comp>
    <comp ref="R10">
      <value>1K</value>
      <footprint>Custom:Resistor_Horizontal_RM10mm</footprint>
      <libsource lib="device" part="R"/>
      <sheetpath names="/" tstamps="/"/>
      <tstamp>5A5848F7</tstamp>
    </comp>
    <comp ref="R11">
      <value>1K</value>
      <footprint>Custom:Resistor_Horizontal_RM10mm</footprint>
      <libsource lib="device" part="R"/>
      <sheetpath names="/" tstamps="/"/>
      <tstamp>5A58496C</tstamp>
    </comp>
    <comp ref="R13">
      <value>1K</value>
      <footprint>Custom:Resistor_Horizontal_RM10mm</footprint>
      <libsource lib="device" part="R"/>
      <sheetpath names="/" tstamps="/"/>
      <tstamp>5A5849FF</tstamp>
    </comp>
    <comp ref="D5">
      <value>0.3A 100V</value>
      <footprint>Diodes_ThroughHole:Diode_DO-35_SOD27_Horizontal_RM10</footprint>
      <libsource lib="device" part="D_Small"/>
      <sheetpath names="/" tstamps="/"/>
      <tstamp>5A584D4D</tstamp>
    </comp>
    <comp ref="D6">
      <value>0.3A 100V</value>
      <footprint>Diodes_ThroughHole:Diode_DO-35_SOD27_Horizontal_RM10</footprint>
      <libsource lib="device" part="D_Small"/>
      <sheetpath names="/" tstamps="/"/>
      <tstamp>5A584DC6</tstamp>
    </comp>
    <comp ref="D3">
      <value>0.3A 100V</value>
      <footprint>Diodes_ThroughHole:Diode_DO-35_SOD27_Horizontal_RM10</footprint>
      <libsource lib="device" part="D_Small"/>
      <sheetpath names="/" tstamps="/"/>
      <tstamp>5A585AA3</tstamp>
    </comp>
    <comp ref="D2">
      <value>0.3A 100V</value>
      <footprint>Diodes_ThroughHole:Diode_DO-35_SOD27_Horizontal_RM10</footprint>
      <libsource lib="device" part="D_Small"/>
      <sheetpath names="/" tstamps="/"/>
      <tstamp>5A585B20</tstamp>
    </comp>
    <comp ref="D1">
      <value>0.3A 100V</value>
      <footprint>Diodes_ThroughHole:Diode_DO-35_SOD27_Horizontal_RM10</footprint>
      <libsource lib="device" part="D_Small"/>
      <sheetpath names="/" tstamps="/"/>
      <tstamp>5A585BA3</tstamp>
    </comp>
    <comp ref="D4">
      <value>0.3A 100v</value>
      <footprint>Diodes_ThroughHole:Diode_DO-35_SOD27_Horizontal_RM10</footprint>
      <libsource lib="device" part="D_Small"/>
      <sheetpath names="/" tstamps="/"/>
      <tstamp>5A585C24</tstamp>
    </comp>
    <comp ref="P5">
      <value>CONN_01X02</value>
      <footprint>Terminal_Blocks:TerminalBlock_Pheonix_PT-3.5mm_2pol</footprint>
      <libsource lib="conn" part="CONN_01X02"/>
      <sheetpath names="/" tstamps="/"/>
      <tstamp>5A589C80</tstamp>
    </comp>
    <comp ref="P4">
      <value>CONN_01X04</value>
      <footprint>Terminal_Blocks:TerminalBlock_Pheonix_PT-3.5mm_4pol</footprint>
      <libsource lib="conn" part="CONN_01X04"/>
      <sheetpath names="/" tstamps="/"/>
      <tstamp>5A58A736</tstamp>
    </comp>
    <comp ref="D7">
      <value>Z 5,6V</value>
      <footprint>Diodes_ThroughHole:Diode_DO-35_SOD27_Horizontal_RM10</footprint>
      <libsource lib="device" part="ZENERsmall"/>
      <sheetpath names="/" tstamps="/"/>
      <tstamp>5A57EA3E</tstamp>
    </comp>
    <comp ref="U5">
      <value>SCR</value>
      <footprint>TO_SOT_Packages_THT:SOT126_SOT32_Housing_Vertical_BigPads</footprint>
      <libsource lib="device" part="SCR"/>
      <sheetpath names="/" tstamps="/"/>
      <tstamp>5A57EC35</tstamp>
    </comp>
    <comp ref="R23">
      <value>1K</value>
      <footprint>Custom:Resistor_Horizontal_RM10mm</footprint>
      <libsource lib="device" part="R_Small"/>
      <sheetpath names="/" tstamps="/"/>
      <tstamp>5A5829BC</tstamp>
    </comp>
    <comp ref="F1">
      <value>FUSE</value>
      <footprint>Homemade_footprints:Fuseholder</footprint>
      <libsource lib="device" part="FUSE"/>
      <sheetpath names="/" tstamps="/"/>
      <tstamp>5A58302A</tstamp>
    </comp>
    <comp ref="C5">
      <value>47nF</value>
      <footprint>Capacitors_ThroughHole:C_Disc_D6_P5</footprint>
      <libsource lib="device" part="C_Small"/>
      <sheetpath names="/" tstamps="/"/>
      <tstamp>5A587147</tstamp>
    </comp>
    <comp ref="P12">
      <value>CONN_01X02</value>
      <footprint>Terminal_Blocks:TerminalBlock_Pheonix_PT-3.5mm_2pol</footprint>
      <libsource lib="conn" part="CONN_01X02"/>
      <sheetpath names="/" tstamps="/"/>
      <tstamp>5A58E055</tstamp>
    </comp>
    <comp ref="P7">
      <value>CONN_01X04</value>
      <footprint>Terminal_Blocks:TerminalBlock_Pheonix_PT-3.5mm_4pol</footprint>
      <libsource lib="conn" part="CONN_01X04"/>
      <sheetpath names="/" tstamps="/"/>
      <tstamp>5A59C2E6</tstamp>
    </comp>
    <comp ref="P3">
      <value>CONN_01X02</value>
      <footprint>Terminal_Blocks:TerminalBlock_Pheonix_PT-3.5mm_2pol</footprint>
      <libsource lib="conn" part="CONN_01X02"/>
      <sheetpath names="/" tstamps="/"/>
      <tstamp>5A5A24FA</tstamp>
    </comp>
    <comp ref="C2">
      <value>1nF</value>
      <footprint>Capacitors_ThroughHole:C_Disc_D6_P5</footprint>
      <libsource lib="device" part="C_Small"/>
      <sheetpath names="/" tstamps="/"/>
      <tstamp>5A5A391A</tstamp>
    </comp>
    <comp ref="P2">
      <value>CONN_01X02</value>
      <footprint>Terminal_Blocks:TerminalBlock_Pheonix_PT-3.5mm_2pol</footprint>
      <libsource lib="conn" part="CONN_01X02"/>
      <sheetpath names="/" tstamps="/"/>
      <tstamp>5A592027</tstamp>
    </comp>
    <comp ref="C1">
      <value>1nF</value>
      <footprint>Capacitors_ThroughHole:C_Disc_D6_P5</footprint>
      <libsource lib="device" part="C_Small"/>
      <sheetpath names="/" tstamps="/"/>
      <tstamp>5A592037</tstamp>
    </comp>
    <comp ref="P6">
      <value>CONN_01X03</value>
      <footprint>Terminal_Blocks:TerminalBlock_Pheonix_PT-3.5mm_3pol</footprint>
      <libsource lib="conn" part="CONN_01X03"/>
      <sheetpath names="/" tstamps="/"/>
      <tstamp>5A5965CA</tstamp>
    </comp>
    <comp ref="U2">
      <value>ACS723</value>
      <footprint>SMD_Packages:SOIC-8-N</footprint>
      <libsource lib="Custom" part="ACS723"/>
      <sheetpath names="/" tstamps="/"/>
      <tstamp>5A59A73F</tstamp>
    </comp>
    <comp ref="U3">
      <value>ACS723</value>
      <footprint>SMD_Packages:SOIC-8-N</footprint>
      <libsource lib="Custom" part="ACS723"/>
      <sheetpath names="/" tstamps="/"/>
      <tstamp>5A59ABC6</tstamp>
    </comp>
    <comp ref="R3">
      <value>4,7K</value>
      <footprint>Custom:Resistor_Horizontal_RM10mm</footprint>
      <libsource lib="device" part="R_Small"/>
      <sheetpath names="/" tstamps="/"/>
      <tstamp>5A5A1322</tstamp>
    </comp>
    <comp ref="SW1">
      <value>SPST</value>
      <footprint>Buttons_Switches_ThroughHole:SW_Micro_SPST</footprint>
      <libsource lib="device" part="SPST"/>
      <sheetpath names="/" tstamps="/"/>
      <tstamp>5A5A1C5E</tstamp>
    </comp>
    <comp ref="R4">
      <value>4,7K</value>
      <footprint>Custom:Resistor_Horizontal_RM10mm</footprint>
      <libsource lib="device" part="R_Small"/>
      <sheetpath names="/" tstamps="/"/>
      <tstamp>5A5ABCFE</tstamp>
    </comp>
    <comp ref="SW2">
      <value>SPST</value>
      <footprint>Buttons_Switches_ThroughHole:SW_Micro_SPST</footprint>
      <libsource lib="device" part="SPST"/>
      <sheetpath names="/" tstamps="/"/>
      <tstamp>5A5ABD04</tstamp>
    </comp>
    <comp ref="R5">
      <value>4,7K</value>
      <footprint>Custom:Resistor_Horizontal_RM10mm</footprint>
      <libsource lib="device" part="R_Small"/>
      <sheetpath names="/" tstamps="/"/>
      <tstamp>5A5ACA33</tstamp>
    </comp>
    <comp ref="SW3">
      <value>SPST</value>
      <footprint>Buttons_Switches_ThroughHole:SW_Micro_SPST</footprint>
      <libsource lib="device" part="SPST"/>
      <sheetpath names="/" tstamps="/"/>
      <tstamp>5A5ACA39</tstamp>
    </comp>
    <comp ref="P8">
      <value>CONN_01X04</value>
      <footprint>Terminal_Blocks:TerminalBlock_Pheonix_PT-3.5mm_4pol</footprint>
      <libsource lib="conn" part="CONN_01X04"/>
      <sheetpath names="/" tstamps="/"/>
      <tstamp>5A5AF2FD</tstamp>
    </comp>
    <comp ref="R6">
      <value>4,7K</value>
      <footprint>Custom:Resistor_Horizontal_RM10mm</footprint>
      <libsource lib="device" part="R_Small"/>
      <sheetpath names="/" tstamps="/"/>
      <tstamp>5A5AF303</tstamp>
    </comp>
    <comp ref="SW4">
      <value>SPST</value>
      <footprint>Buttons_Switches_ThroughHole:SW_Micro_SPST</footprint>
      <libsource lib="device" part="SPST"/>
      <sheetpath names="/" tstamps="/"/>
      <tstamp>5A5AF309</tstamp>
    </comp>
    <comp ref="R7">
      <value>4,7K</value>
      <footprint>Custom:Resistor_Horizontal_RM10mm</footprint>
      <libsource lib="device" part="R_Small"/>
      <sheetpath names="/" tstamps="/"/>
      <tstamp>5A5AF31B</tstamp>
    </comp>
    <comp ref="SW5">
      <value>SPST</value>
      <footprint>Buttons_Switches_ThroughHole:SW_Micro_SPST</footprint>
      <libsource lib="device" part="SPST"/>
      <sheetpath names="/" tstamps="/"/>
      <tstamp>5A5AF321</tstamp>
    </comp>
    <comp ref="P11">
      <value>CONN_01X04</value>
      <footprint>Terminal_Blocks:TerminalBlock_Pheonix_PT-3.5mm_4pol</footprint>
      <libsource lib="conn" part="CONN_01X04"/>
      <sheetpath names="/" tstamps="/"/>
      <tstamp>5A5B9DAB</tstamp>
    </comp>
    <comp ref="U1">
      <value>DHT12</value>
      <footprint>Pin_Headers:Pin_Header_Straight_1x04</footprint>
      <libsource lib="Custom" part="DHT12"/>
      <sheetpath names="/" tstamps="/"/>
      <tstamp>5A5C5946</tstamp>
    </comp>
    <comp ref="P1">
      <value>CONN_01X04</value>
      <footprint>Terminal_Blocks:TerminalBlock_Pheonix_PT-3.5mm_4pol</footprint>
      <libsource lib="conn" part="CONN_01X04"/>
      <sheetpath names="/" tstamps="/"/>
      <tstamp>5A5C66AB</tstamp>
    </comp>
    <comp ref="R2">
      <value>4,7K</value>
      <footprint>Custom:Resistor_Horizontal_RM10mm</footprint>
      <libsource lib="device" part="R_Small"/>
      <sheetpath names="/" tstamps="/"/>
      <tstamp>5A5C9637</tstamp>
    </comp>
    <comp ref="R8">
      <value>4,7K</value>
      <footprint>Custom:Resistor_Horizontal_RM10mm</footprint>
      <libsource lib="device" part="R_Small"/>
      <sheetpath names="/" tstamps="/"/>
      <tstamp>5A5C971E</tstamp>
    </comp>
    <comp ref="SW9">
      <value>SPDT</value>
      <footprint>Buttons_Switches_ThroughHole:SW_Micro_SPST</footprint>
      <libsource lib="device" part="Switch_SPDT_x2"/>
      <sheetpath names="/" tstamps="/"/>
      <tstamp>5A5E88F0</tstamp>
    </comp>
    <comp ref="SW10">
      <value>SPDT</value>
      <footprint>Buttons_Switches_ThroughHole:SW_Micro_SPST</footprint>
      <libsource lib="device" part="Switch_SPDT_x2"/>
      <sheetpath names="/" tstamps="/"/>
      <tstamp>5A5E89F3</tstamp>
    </comp>
    <comp ref="SW11">
      <value>SPDT</value>
      <footprint>Buttons_Switches_ThroughHole:SW_Micro_SPST</footprint>
      <libsource lib="device" part="Switch_SPDT_x2"/>
      <sheetpath names="/" tstamps="/"/>
      <tstamp>5A5E8D60</tstamp>
    </comp>
    <comp ref="SW8">
      <value>SPDT</value>
      <footprint>Buttons_Switches_ThroughHole:SW_Micro_SPST</footprint>
      <libsource lib="device" part="Switch_SPDT_x2"/>
      <sheetpath names="/" tstamps="/"/>
      <tstamp>5A5E915B</tstamp>
    </comp>
    <comp ref="SW7">
      <value>SPDT</value>
      <footprint>Buttons_Switches_ThroughHole:SW_Micro_SPST</footprint>
      <libsource lib="device" part="Switch_SPDT_x2"/>
      <sheetpath names="/" tstamps="/"/>
      <tstamp>5A5E9303</tstamp>
    </comp>
    <comp ref="SHIELD1">
      <value>ARDUINO_MEGA_SHIELD</value>
      <footprint>arduino_shields:ARDUINO_MEGA_SHIELD</footprint>
      <libsource lib="arduino_shieldsNCL" part="ARDUINO_MEGA_SHIELD"/>
      <sheetpath names="/" tstamps="/"/>
      <tstamp>5A5BDBE4</tstamp>
    </comp>
    <comp ref="R24">
      <value>1K</value>
      <footprint>Custom:Resistor_Horizontal_RM10mm</footprint>
      <libsource lib="device" part="R"/>
      <sheetpath names="/" tstamps="/"/>
      <tstamp>5A59BC21</tstamp>
    </comp>
    <comp ref="C6">
      <value>0.1uF</value>
      <footprint>Capacitors_ThroughHole:C_Disc_D6_P5</footprint>
      <libsource lib="device" part="C_Small"/>
      <sheetpath names="/" tstamps="/"/>
      <tstamp>5A5FF854</tstamp>
    </comp>
    <comp ref="P15">
      <value>CONN_01X08</value>
      <footprint>Terminal_Blocks:TerminalBlock_Pheonix_PT-3.5mm_8pol</footprint>
      <libsource lib="conn" part="CONN_01X08"/>
      <sheetpath names="/" tstamps="/"/>
      <tstamp>5A5CD60F</tstamp>
    </comp>
    <comp ref="Q3">
      <value>BSS138</value>
      <footprint>TO_SOT_Packages_SMD:SOT-23_Handsoldering</footprint>
      <libsource lib="transistors" part="BSS138"/>
      <sheetpath names="/" tstamps="/"/>
      <tstamp>5A618A33</tstamp>
    </comp>
    <comp ref="R27">
      <value>10K</value>
      <footprint>Resistors_SMD:R_1210_HandSoldering</footprint>
      <libsource lib="device" part="R_Small"/>
      <sheetpath names="/" tstamps="/"/>
      <tstamp>5A618A39</tstamp>
    </comp>
    <comp ref="R28">
      <value>10K</value>
      <footprint>Resistors_SMD:R_1210_HandSoldering</footprint>
      <libsource lib="device" part="R_Small"/>
      <sheetpath names="/" tstamps="/"/>
      <tstamp>5A618A3F</tstamp>
    </comp>
    <comp ref="C7">
      <value>10uF</value>
      <footprint>Capacitors_ThroughHole:C_Radial_D8_L11.5_P3.5</footprint>
      <libsource lib="device" part="CP1_Small"/>
      <sheetpath names="/" tstamps="/"/>
      <tstamp>5A62F479</tstamp>
    </comp>
    <comp ref="D8">
      <value>400V 3A</value>
      <footprint>Diodes_ThroughHole:Diode_DO-41_SOD81_Horizontal_RM10</footprint>
      <libsource lib="device" part="D_Schottky_Small"/>
      <sheetpath names="/" tstamps="/"/>
      <tstamp>5A63397A</tstamp>
    </comp>
    <comp ref="C11">
      <value>0.1uF</value>
      <footprint>Capacitors_ThroughHole:C_Disc_D6_P5</footprint>
      <libsource lib="device" part="C_Small"/>
      <sheetpath names="/" tstamps="/"/>
      <tstamp>5A63BDFF</tstamp>
    </comp>
    <comp ref="C10">
      <value>0.1uF</value>
      <footprint>Capacitors_ThroughHole:C_Disc_D6_P5</footprint>
      <libsource lib="device" part="C_Small"/>
      <sheetpath names="/" tstamps="/"/>
      <tstamp>5A63C9D5</tstamp>
    </comp>
    <comp ref="Q5">
      <value>BSS138</value>
      <footprint>TO_SOT_Packages_SMD:SOT-23_Handsoldering</footprint>
      <libsource lib="transistors" part="BSS138"/>
      <sheetpath names="/" tstamps="/"/>
      <tstamp>5A65E8FB</tstamp>
    </comp>
    <comp ref="R31">
      <value>10K</value>
      <footprint>Resistors_SMD:R_1210_HandSoldering</footprint>
      <libsource lib="device" part="R_Small"/>
      <sheetpath names="/" tstamps="/"/>
      <tstamp>5A65E901</tstamp>
    </comp>
    <comp ref="R32">
      <value>10K</value>
      <footprint>Resistors_SMD:R_1210_HandSoldering</footprint>
      <libsource lib="device" part="R_Small"/>
      <sheetpath names="/" tstamps="/"/>
      <tstamp>5A65E907</tstamp>
    </comp>
    <comp ref="Q7">
      <value>BSS138</value>
      <footprint>TO_SOT_Packages_SMD:SOT-23_Handsoldering</footprint>
      <libsource lib="transistors" part="BSS138"/>
      <sheetpath names="/" tstamps="/"/>
      <tstamp>5A65EA3F</tstamp>
    </comp>
    <comp ref="R35">
      <value>10K</value>
      <footprint>Resistors_SMD:R_1210_HandSoldering</footprint>
      <libsource lib="device" part="R_Small"/>
      <sheetpath names="/" tstamps="/"/>
      <tstamp>5A65EA45</tstamp>
    </comp>
    <comp ref="R36">
      <value>10K</value>
      <footprint>Resistors_SMD:R_1210_HandSoldering</footprint>
      <libsource lib="device" part="R_Small"/>
      <sheetpath names="/" tstamps="/"/>
      <tstamp>5A65EA4B</tstamp>
    </comp>
    <comp ref="Q9">
      <value>BSS138</value>
      <footprint>TO_SOT_Packages_SMD:SOT-23_Handsoldering</footprint>
      <libsource lib="transistors" part="BSS138"/>
      <sheetpath names="/" tstamps="/"/>
      <tstamp>5A65EBCB</tstamp>
    </comp>
    <comp ref="R39">
      <value>10K</value>
      <footprint>Resistors_SMD:R_1210_HandSoldering</footprint>
      <libsource lib="device" part="R_Small"/>
      <sheetpath names="/" tstamps="/"/>
      <tstamp>5A65EBD1</tstamp>
    </comp>
    <comp ref="R40">
      <value>10K</value>
      <footprint>Resistors_SMD:R_1210_HandSoldering</footprint>
      <libsource lib="device" part="R_Small"/>
      <sheetpath names="/" tstamps="/"/>
      <tstamp>5A65EBD7</tstamp>
    </comp>
    <comp ref="Q1">
      <value>BSS138</value>
      <footprint>TO_SOT_Packages_SMD:SOT-23_Handsoldering</footprint>
      <libsource lib="transistors" part="BSS138"/>
      <sheetpath names="/" tstamps="/"/>
      <tstamp>5A65F0B2</tstamp>
    </comp>
    <comp ref="R25">
      <value>10K</value>
      <footprint>Resistors_SMD:R_1210_HandSoldering</footprint>
      <libsource lib="device" part="R_Small"/>
      <sheetpath names="/" tstamps="/"/>
      <tstamp>5A65F0B8</tstamp>
    </comp>
    <comp ref="R26">
      <value>10K</value>
      <footprint>Resistors_SMD:R_1210_HandSoldering</footprint>
      <libsource lib="device" part="R_Small"/>
      <sheetpath names="/" tstamps="/"/>
      <tstamp>5A65F0BE</tstamp>
    </comp>
    <comp ref="Q4">
      <value>BSS138</value>
      <footprint>TO_SOT_Packages_SMD:SOT-23_Handsoldering</footprint>
      <libsource lib="transistors" part="BSS138"/>
      <sheetpath names="/" tstamps="/"/>
      <tstamp>5A65F238</tstamp>
    </comp>
    <comp ref="R29">
      <value>10K</value>
      <footprint>Resistors_SMD:R_1210_HandSoldering</footprint>
      <libsource lib="device" part="R_Small"/>
      <sheetpath names="/" tstamps="/"/>
      <tstamp>5A65F23E</tstamp>
    </comp>
    <comp ref="R30">
      <value>10K</value>
      <footprint>Resistors_SMD:R_1210_HandSoldering</footprint>
      <libsource lib="device" part="R_Small"/>
      <sheetpath names="/" tstamps="/"/>
      <tstamp>5A65F244</tstamp>
    </comp>
    <comp ref="Q6">
      <value>BSS138</value>
      <footprint>TO_SOT_Packages_SMD:SOT-23_Handsoldering</footprint>
      <libsource lib="transistors" part="BSS138"/>
      <sheetpath names="/" tstamps="/"/>
      <tstamp>5A65F3A6</tstamp>
    </comp>
    <comp ref="R33">
      <value>10K</value>
      <footprint>Resistors_SMD:R_1210_HandSoldering</footprint>
      <libsource lib="device" part="R_Small"/>
      <sheetpath names="/" tstamps="/"/>
      <tstamp>5A65F3AC</tstamp>
    </comp>
    <comp ref="R34">
      <value>10K</value>
      <footprint>Resistors_SMD:R_1210_HandSoldering</footprint>
      <libsource lib="device" part="R_Small"/>
      <sheetpath names="/" tstamps="/"/>
      <tstamp>5A65F3B2</tstamp>
    </comp>
    <comp ref="Q8">
      <value>BSS138</value>
      <footprint>TO_SOT_Packages_SMD:SOT-23_Handsoldering</footprint>
      <libsource lib="transistors" part="BSS138"/>
      <sheetpath names="/" tstamps="/"/>
      <tstamp>5A65F508</tstamp>
    </comp>
    <comp ref="R37">
      <value>10K</value>
      <footprint>Resistors_SMD:R_1210_HandSoldering</footprint>
      <libsource lib="device" part="R_Small"/>
      <sheetpath names="/" tstamps="/"/>
      <tstamp>5A65F50E</tstamp>
    </comp>
    <comp ref="R38">
      <value>10K</value>
      <footprint>Resistors_SMD:R_1210_HandSoldering</footprint>
      <libsource lib="device" part="R_Small"/>
      <sheetpath names="/" tstamps="/"/>
      <tstamp>5A65F514</tstamp>
    </comp>
    <comp ref="P9">
      <value>CONN_01X06</value>
      <footprint>Socket_Strips:Socket_Strip_Straight_1x06</footprint>
      <libsource lib="conn" part="CONN_01X06"/>
      <sheetpath names="/" tstamps="/"/>
      <tstamp>5A69D15C</tstamp>
    </comp>
    <comp ref="P17">
      <value>CONN_01X06</value>
      <footprint>Pin_Headers:Pin_Header_Straight_1x06</footprint>
      <libsource lib="conn" part="CONN_01X06"/>
      <sheetpath names="/" tstamps="/"/>
      <tstamp>5A6BB004</tstamp>
    </comp>
    <comp ref="P16">
      <value>CONN_01X08</value>
      <footprint>Pin_Headers:Pin_Header_Straight_1x08</footprint>
      <libsource lib="conn" part="CONN_01X08"/>
      <sheetpath names="/" tstamps="/"/>
      <tstamp>5A6BB648</tstamp>
    </comp>
    <comp ref="P10">
      <value>CONN_01X08</value>
      <footprint>Pin_Headers:Pin_Header_Straight_1x08</footprint>
      <libsource lib="conn" part="CONN_01X08"/>
      <sheetpath names="/" tstamps="/"/>
      <tstamp>5A6BB79B</tstamp>
    </comp>
    <comp ref="P20">
      <value>CONN_01X08</value>
      <footprint>Pin_Headers:Pin_Header_Straight_1x08</footprint>
      <libsource lib="conn" part="CONN_01X08"/>
      <sheetpath names="/" tstamps="/"/>
      <tstamp>5A6BBFBD</tstamp>
    </comp>
    <comp ref="P19">
      <value>CONN_01X08</value>
      <footprint>Pin_Headers:Pin_Header_Straight_1x08</footprint>
      <libsource lib="conn" part="CONN_01X08"/>
      <sheetpath names="/" tstamps="/"/>
      <tstamp>5A6BC0C6</tstamp>
    </comp>
    <comp ref="P21">
      <value>CONN_01X08</value>
      <footprint>Pin_Headers:Pin_Header_Straight_1x08</footprint>
      <libsource lib="conn" part="CONN_01X08"/>
      <sheetpath names="/" tstamps="/"/>
      <tstamp>5A6BC1D5</tstamp>
    </comp>
    <comp ref="P18">
      <value>CONN_02X18</value>
      <footprint>Pin_Headers:Pin_Header_Straight_2x18</footprint>
      <libsource lib="conn" part="CONN_02X18"/>
      <sheetpath names="/" tstamps="/"/>
      <tstamp>5A6BCF0A</tstamp>
    </comp>
    <comp ref="Q2">
      <value>PN2222A</value>
      <footprint>TO_SOT_Packages_THT:TO-92_Inline_Wide</footprint>
      <libsource lib="transistors" part="PN2222A"/>
      <sheetpath names="/" tstamps="/"/>
      <tstamp>5A6916A9</tstamp>
    </comp>
  </components>
  <libparts>
    <libpart lib="Custom" part="ACS723">
      <fields>
        <field name="Reference">U</field>
        <field name="Value">ACS723</field>
      </fields>
      <pins>
        <pin num="1" name="+" type="input"/>
        <pin num="2" name="+" type="input"/>
        <pin num="3" name="-" type="input"/>
        <pin num="4" name="-" type="input"/>
        <pin num="5" name="GND" type="input"/>
        <pin num="6" name="BW_SEL" type="output"/>
        <pin num="7" name="VIOUT" type="output"/>
        <pin num="8" name="VCC" type="input"/>
      </pins>
    </libpart>
    <libpart lib="arduino_shieldsNCL" part="ARDUINO_MEGA_SHIELD">
      <fields>
        <field name="Reference">SHIELD</field>
        <field name="Value">ARDUINO_MEGA_SHIELD</field>
      </fields>
      <pins>
        <pin num="0" name="RX0" type="BiDi"/>
        <pin num="1" name="TX0" type="BiDi"/>
        <pin num="2" name="2" type="BiDi"/>
        <pin num="3" name="3" type="BiDi"/>
        <pin num="4" name="4" type="BiDi"/>
        <pin num="5" name="5" type="BiDi"/>
        <pin num="5V" name="5V" type="power_in"/>
        <pin num="6" name="6" type="BiDi"/>
        <pin num="7" name="7" type="BiDi"/>
        <pin num="8" name="8" type="BiDi"/>
        <pin num="9" name="9" type="BiDi"/>
        <pin num="10" name="10" type="BiDi"/>
        <pin num="11" name="11" type="BiDi"/>
        <pin num="12" name="12" type="BiDi"/>
        <pin num="13" name="13" type="BiDi"/>
        <pin num="14" name="TX3" type="BiDi"/>
        <pin num="15" name="RX3" type="BiDi"/>
        <pin num="16" name="TX2" type="BiDi"/>
        <pin num="17" name="RX2" type="BiDi"/>
        <pin num="18" name="TX1" type="BiDi"/>
        <pin num="19" name="RX1" type="BiDi"/>
        <pin num="20" name="SDA" type="BiDi"/>
        <pin num="21" name="SCL" type="BiDi"/>
        <pin num="22" name="PA0" type="BiDi"/>
        <pin num="23" name="PA1" type="BiDi"/>
        <pin num="24" name="PA2" type="BiDi"/>
        <pin num="25" name="PA3" type="BiDi"/>
        <pin num="26" name="PA4" type="BiDi"/>
        <pin num="27" name="PA5" type="BiDi"/>
        <pin num="28" name="PA6" type="BiDi"/>
        <pin num="29" name="PA7" type="BiDi"/>
        <pin num="30" name="PC7" type="BiDi"/>
        <pin num="31" name="PC6" type="BiDi"/>
        <pin num="32" name="PC5" type="BiDi"/>
        <pin num="33" name="PC4" type="BiDi"/>
        <pin num="34" name="PC3" type="BiDi"/>
        <pin num="35" name="PC2" type="BiDi"/>
        <pin num="36" name="PC1" type="BiDi"/>
        <pin num="37" name="PC0" type="BiDi"/>
        <pin num="38" name="PD7" type="BiDi"/>
        <pin num="39" name="PG2" type="BiDi"/>
        <pin num="40" name="PG1" type="BiDi"/>
        <pin num="41" name="PG0" type="BiDi"/>
        <pin num="42" name="PL7" type="BiDi"/>
        <pin num="43" name="PL6" type="BiDi"/>
        <pin num="44" name="PL5" type="BiDi"/>
        <pin num="45" name="PL4" type="BiDi"/>
        <pin num="46" name="PL3" type="BiDi"/>
        <pin num="47" name="PL2" type="BiDi"/>
        <pin num="48" name="PL1" type="BiDi"/>
        <pin num="49" name="PL0" type="BiDi"/>
        <pin num="50" name="PB3_(MISO)" type="BiDi"/>
        <pin num="51" name="PB2_(MOSI)" type="BiDi"/>
        <pin num="52" name="PB1_(SCK)" type="BiDi"/>
        <pin num="53" name="PB0_(SS)" type="BiDi"/>
        <pin num="3V3" name="3V3" type="power_in"/>
        <pin num="5V_4" name="5V_4" type="power_in"/>
        <pin num="5V_5" name="5V_5" type="power_in"/>
        <pin num="AD0" name="AD0" type="BiDi"/>
        <pin num="AD1" name="AD1" type="BiDi"/>
        <pin num="AD2" name="AD2" type="BiDi"/>
        <pin num="AD3" name="AD3" type="BiDi"/>
        <pin num="AD4" name="AD4" type="BiDi"/>
        <pin num="AD5" name="AD5" type="BiDi"/>
        <pin num="AD6" name="AD6" type="BiDi"/>
        <pin num="AD7" name="AD7" type="BiDi"/>
        <pin num="AD8" name="AD8" type="BiDi"/>
        <pin num="AD9" name="AD9" type="BiDi"/>
        <pin num="AD10" name="AD10" type="BiDi"/>
        <pin num="AD11" name="AD11" type="BiDi"/>
        <pin num="AD12" name="AD12" type="BiDi"/>
        <pin num="AD13" name="AD13" type="BiDi"/>
        <pin num="AD14" name="AD14" type="BiDi"/>
        <pin num="AD15" name="AD15" type="BiDi"/>
        <pin num="AREF" name="AREF" type="power_in"/>
        <pin num="GND1" name="GND1" type="power_in"/>
        <pin num="GND2" name="GND2" type="power_in"/>
        <pin num="GND3" name="GND3" type="power_in"/>
        <pin num="GND4" name="GND4" type="power_in"/>
        <pin num="GND5" name="GND5" type="power_in"/>
        <pin num="RST" name="RST" type="input"/>
        <pin num="V_IN" name="V_IN" type="power_in"/>
      </pins>
    </libpart>
    <libpart lib="transistors" part="BSS138">
      <description>50V Vds, 0.22A Id, N-Channel MOSFET, SOT-23</description>
      <docs>http://www.fairchildsemi.com/ds/BS/BSS138.pdf</docs>
      <footprints>
        <fp>SOT-23*</fp>
      </footprints>
      <fields>
        <field name="Reference">Q</field>
        <field name="Value">BSS138</field>
        <field name="Footprint">SOT-23</field>
      </fields>
      <pins>
        <pin num="1" name="G" type="passive"/>
        <pin num="2" name="S" type="passive"/>
        <pin num="3" name="D" type="passive"/>
      </pins>
    </libpart>
    <libpart lib="conn" part="CONN_01X02">
      <description>Connector 01x02</description>
      <footprints>
        <fp>Pin_Header_Straight_1X02</fp>
        <fp>Pin_Header_Angled_1X02</fp>
        <fp>Socket_Strip_Straight_1X02</fp>
        <fp>Socket_Strip_Angled_1X02</fp>
      </footprints>
      <fields>
        <field name="Reference">P</field>
        <field name="Value">CONN_01X02</field>
      </fields>
      <pins>
        <pin num="1" name="P1" type="passive"/>
        <pin num="2" name="P2" type="passive"/>
      </pins>
    </libpart>
    <libpart lib="conn" part="CONN_01X03">
      <description>Connector 01x03</description>
      <footprints>
        <fp>Pin_Header_Straight_1X03</fp>
        <fp>Pin_Header_Angled_1X03</fp>
        <fp>Socket_Strip_Straight_1X03</fp>
        <fp>Socket_Strip_Angled_1X03</fp>
      </footprints>
      <fields>
        <field name="Reference">P</field>
        <field name="Value">CONN_01X03</field>
      </fields>
      <pins>
        <pin num="1" name="P1" type="passive"/>
        <pin num="2" name="P2" type="passive"/>
        <pin num="3" name="P3" type="passive"/>
      </pins>
    </libpart>
    <libpart lib="conn" part="CONN_01X04">
      <description>Connector 01x04</description>
      <footprints>
        <fp>Pin_Header_Straight_1X04</fp>
        <fp>Pin_Header_Angled_1X04</fp>
        <fp>Socket_Strip_Straight_1X04</fp>
        <fp>Socket_Strip_Angled_1X04</fp>
      </footprints>
      <fields>
        <field name="Reference">P</field>
        <field name="Value">CONN_01X04</field>
      </fields>
      <pins>
        <pin num="1" name="P1" type="passive"/>
        <pin num="2" name="P2" type="passive"/>
        <pin num="3" name="P3" type="passive"/>
        <pin num="4" name="P4" type="passive"/>
      </pins>
    </libpart>
    <libpart lib="conn" part="CONN_01X06">
      <description>Connector 01x06</description>
      <footprints>
        <fp>Pin_Header_Straight_1X06</fp>
        <fp>Pin_Header_Angled_1X06</fp>
        <fp>Socket_Strip_Straight_1X06</fp>
        <fp>Socket_Strip_Angled_1X06</fp>
      </footprints>
      <fields>
        <field name="Reference">P</field>
        <field name="Value">CONN_01X06</field>
      </fields>
      <pins>
        <pin num="1" name="P1" type="passive"/>
        <pin num="2" name="P2" type="passive"/>
        <pin num="3" name="P3" type="passive"/>
        <pin num="4" name="P4" type="passive"/>
        <pin num="5" name="P5" type="passive"/>
        <pin num="6" name="P6" type="passive"/>
      </pins>
    </libpart>
    <libpart lib="conn" part="CONN_01X08">
      <description>Connector 01x08</description>
      <footprints>
        <fp>Pin_Header_Straight_1X08</fp>
        <fp>Pin_Header_Angled_1X08</fp>
        <fp>Socket_Strip_Straight_1X08</fp>
        <fp>Socket_Strip_Angled_1X08</fp>
      </footprints>
      <fields>
        <field name="Reference">P</field>
        <field name="Value">CONN_01X08</field>
      </fields>
      <pins>
        <pin num="1" name="P1" type="passive"/>
        <pin num="2" name="P2" type="passive"/>
        <pin num="3" name="P3" type="passive"/>
        <pin num="4" name="P4" type="passive"/>
        <pin num="5" name="P5" type="passive"/>
        <pin num="6" name="P6" type="passive"/>
        <pin num="7" name="P7" type="passive"/>
        <pin num="8" name="P8" type="passive"/>
      </pins>
    </libpart>
    <libpart lib="conn" part="CONN_02X18">
      <description>Connector 02x18</description>
      <footprints>
        <fp>Pin_Header_Straight_2X18</fp>
        <fp>Pin_Header_Angled_2X18</fp>
        <fp>Socket_Strip_Straight_2X18</fp>
        <fp>Socket_Strip_Angled_2X18</fp>
      </footprints>
      <fields>
        <field name="Reference">P</field>
        <field name="Value">CONN_02X18</field>
      </fields>
      <pins>
        <pin num="1" name="P1" type="passive"/>
        <pin num="2" name="P2" type="passive"/>
        <pin num="3" name="P3" type="passive"/>
        <pin num="4" name="P4" type="passive"/>
        <pin num="5" name="P5" type="passive"/>
        <pin num="6" name="P6" type="passive"/>
        <pin num="7" name="P7" type="passive"/>
        <pin num="8" name="P8" type="passive"/>
        <pin num="9" name="P9" type="passive"/>
        <pin num="10" name="P10" type="passive"/>
        <pin num="11" name="P11" type="passive"/>
        <pin num="12" name="P12" type="passive"/>
        <pin num="13" name="P13" type="passive"/>
        <pin num="14" name="P14" type="passive"/>
        <pin num="15" name="P15" type="passive"/>
        <pin num="16" name="P16" type="passive"/>
        <pin num="17" name="P17" type="passive"/>
        <pin num="18" name="P18" type="passive"/>
        <pin num="19" name="P19" type="passive"/>
        <pin num="20" name="P20" type="passive"/>
        <pin num="21" name="P21" type="passive"/>
        <pin num="22" name="P22" type="passive"/>
        <pin num="23" name="P23" type="passive"/>
        <pin num="24" name="P24" type="passive"/>
        <pin num="25" name="P25" type="passive"/>
        <pin num="26" name="P26" type="passive"/>
        <pin num="27" name="P27" type="passive"/>
        <pin num="28" name="P28" type="passive"/>
        <pin num="29" name="P29" type="passive"/>
        <pin num="30" name="P30" type="passive"/>
        <pin num="31" name="P31" type="passive"/>
        <pin num="32" name="P32" type="passive"/>
        <pin num="33" name="P33" type="passive"/>
        <pin num="34" name="P34" type="passive"/>
        <pin num="35" name="P35" type="passive"/>
        <pin num="36" name="P36" type="passive"/>
      </pins>
    </libpart>
    <libpart lib="device" part="CP1_Small">
      <description>Polarised capacitor</description>
      <footprints>
        <fp>CP*</fp>
        <fp>Elko*</fp>
        <fp>TantalC*</fp>
        <fp>C*elec</fp>
        <fp>c_elec*</fp>
        <fp>SMD*_Pol</fp>
      </footprints>
      <fields>
        <field name="Reference">C</field>
        <field name="Value">CP1_Small</field>
      </fields>
      <pins>
        <pin num="1" name="~" type="passive"/>
        <pin num="2" name="~" type="passive"/>
      </pins>
    </libpart>
    <libpart lib="device" part="C_Small">
      <description>Unpolarized capacitor</description>
      <footprints>
        <fp>C?</fp>
        <fp>C_????_*</fp>
        <fp>C_????</fp>
        <fp>SMD*_c</fp>
        <fp>Capacitor*</fp>
      </footprints>
      <fields>
        <field name="Reference">C</field>
        <field name="Value">C_Small</field>
      </fields>
      <pins>
        <pin num="1" name="~" type="passive"/>
        <pin num="2" name="~" type="passive"/>
      </pins>
    </libpart>
    <libpart lib="Custom" part="DHT12">
      <fields>
        <field name="Reference">U</field>
        <field name="Value">DHT12</field>
      </fields>
      <pins>
        <pin num="1" name="VCC" type="power_in"/>
        <pin num="2" name="SDA" type="BiDi"/>
        <pin num="3" name="GND" type="power_out"/>
        <pin num="4" name="SCL" type="input"/>
      </pins>
    </libpart>
    <libpart lib="device" part="D_Schottky">
      <description>Diode schottky</description>
      <footprints>
        <fp>D-Pak_TO252AA</fp>
        <fp>Diode_*</fp>
        <fp>*SingleDiode</fp>
        <fp>*SingleDiode*</fp>
        <fp>*_Diode_*</fp>
      </footprints>
      <fields>
        <field name="Reference">D</field>
        <field name="Value">D_Schottky</field>
      </fields>
      <pins>
        <pin num="1" name="K" type="passive"/>
        <pin num="2" name="A" type="passive"/>
      </pins>
    </libpart>
    <libpart lib="device" part="D_Schottky_Small">
      <description>Diode Schottky</description>
      <footprints>
        <fp>Diode_*</fp>
        <fp>D-Pak_TO252AA</fp>
        <fp>*SingleDiode</fp>
        <fp>*SingleDiode*</fp>
        <fp>*_Diode_*</fp>
      </footprints>
      <fields>
        <field name="Reference">D</field>
        <field name="Value">D_Schottky_Small</field>
      </fields>
      <pins>
        <pin num="1" name="K" type="passive"/>
        <pin num="2" name="A" type="passive"/>
      </pins>
    </libpart>
    <libpart lib="device" part="D_Small">
      <description>Diode</description>
      <footprints>
        <fp>Diode_*</fp>
        <fp>D-Pak_TO252AA</fp>
        <fp>*SingleDiode</fp>
        <fp>*SingleDiode*</fp>
        <fp>*_Diode_*</fp>
      </footprints>
      <fields>
        <field name="Reference">D</field>
        <field name="Value">D_Small</field>
      </fields>
      <pins>
        <pin num="1" name="K" type="passive"/>
        <pin num="2" name="A" type="passive"/>
      </pins>
    </libpart>
    <libpart lib="device" part="FUSE">
      <fields>
        <field name="Reference">F</field>
        <field name="Value">FUSE</field>
      </fields>
      <pins>
        <pin num="1" name="~" type="input"/>
        <pin num="2" name="~" type="input"/>
      </pins>
    </libpart>
    <libpart lib="device" part="F_Small">
      <description>Fuse</description>
      <footprints>
        <fp>CP*</fp>
        <fp>SM*</fp>
      </footprints>
      <fields>
        <field name="Reference">F</field>
        <field name="Value">F_Small</field>
      </fields>
      <pins>
        <pin num="1" name="~" type="passive"/>
        <pin num="2" name="~" type="passive"/>
      </pins>
    </libpart>
    <libpart lib="device" part="LED">
      <footprints>
        <fp>LED-3MM</fp>
        <fp>LED-5MM</fp>
        <fp>LED-10MM</fp>
        <fp>LED-0603</fp>
        <fp>LED-0805</fp>
        <fp>LED-1206</fp>
        <fp>LEDV</fp>
      </footprints>
      <fields>
        <field name="Reference">D</field>
        <field name="Value">LED</field>
      </fields>
      <pins>
        <pin num="1" name="K" type="passive"/>
        <pin num="2" name="A" type="passive"/>
      </pins>
    </libpart>
    <libpart lib="Custom" part="MCP23008">
      <fields>
        <field name="Reference">U</field>
        <field name="Value">MCP23008</field>
      </fields>
      <pins>
        <pin num="1" name="SCL" type="input"/>
        <pin num="2" name="SDA" type="BiDi"/>
        <pin num="3" name="A0" type="input"/>
        <pin num="4" name="A1" type="input"/>
        <pin num="5" name="A0" type="input"/>
        <pin num="6" name="~RESET" type="input"/>
        <pin num="7" name="NC" type="passive"/>
        <pin num="8" name="INT" type="output"/>
        <pin num="9" name="Vss" type="input"/>
        <pin num="10" name="GP0" type="BiDi"/>
        <pin num="11" name="GP1" type="BiDi"/>
        <pin num="12" name="GP2" type="BiDi"/>
        <pin num="13" name="GP3" type="BiDi"/>
        <pin num="14" name="GP4" type="BiDi"/>
        <pin num="15" name="GP5" type="BiDi"/>
        <pin num="16" name="GP6" type="BiDi"/>
        <pin num="17" name="GP7" type="BiDi"/>
        <pin num="18" name="Vdd" type="input"/>
      </pins>
    </libpart>
    <libpart lib="transistors" part="PN2222A">
      <description>40V Vce, 1A Ic, NPN, General Purpose Transistor, TO-92</description>
      <docs>http://www.fairchildsemi.com/ds/PN/PN2222A.pdf</docs>
      <footprints>
        <fp>TO-92*</fp>
      </footprints>
      <fields>
        <field name="Reference">Q</field>
        <field name="Value">PN2222A</field>
      </fields>
      <pins>
        <pin num="1" name="E" type="passive"/>
        <pin num="2" name="B" type="input"/>
        <pin num="3" name="C" type="passive"/>
      </pins>
    </libpart>
    <libpart lib="Custom" part="PS2501">
      <fields>
        <field name="Reference">U</field>
        <field name="Value">PS2501</field>
      </fields>
      <pins>
        <pin num="1" name="A1" type="input"/>
        <pin num="2" name="C1" type="output"/>
        <pin num="3" name="A2" type="input"/>
        <pin num="4" name="C2" type="output"/>
        <pin num="5" name="A3" type="input"/>
        <pin num="6" name="C3" type="output"/>
        <pin num="7" name="A4" type="input"/>
        <pin num="8" name="C4" type="output"/>
        <pin num="9" name="E4" type="openEm"/>
        <pin num="10" name="Co4" type="openCol"/>
        <pin num="11" name="E3" type="openEm"/>
        <pin num="12" name="Co3" type="openCol"/>
        <pin num="13" name="E2" type="openEm"/>
        <pin num="14" name="Co2" type="openCol"/>
        <pin num="15" name="E1" type="openEm"/>
        <pin num="16" name="Co1" type="openCol"/>
      </pins>
    </libpart>
    <libpart lib="device" part="R">
      <description>Resistor</description>
      <footprints>
        <fp>R_*</fp>
        <fp>Resistor_*</fp>
      </footprints>
      <fields>
        <field name="Reference">R</field>
        <field name="Value">R</field>
      </fields>
      <pins>
        <pin num="1" name="~" type="passive"/>
        <pin num="2" name="~" type="passive"/>
      </pins>
    </libpart>
    <libpart lib="device" part="R_Small">
      <description>Resistor</description>
      <footprints>
        <fp>Resistor_*</fp>
        <fp>R_*</fp>
      </footprints>
      <fields>
        <field name="Reference">R</field>
        <field name="Value">R_Small</field>
      </fields>
      <pins>
        <pin num="1" name="~" type="passive"/>
        <pin num="2" name="~" type="passive"/>
      </pins>
    </libpart>
    <libpart lib="device" part="SCR">
      <description>Thyristor</description>
      <fields>
        <field name="Reference">U</field>
        <field name="Value">SCR</field>
      </fields>
      <pins>
        <pin num="1" name="K" type="input"/>
        <pin num="2" name="G" type="input"/>
        <pin num="3" name="A" type="input"/>
      </pins>
    </libpart>
    <libpart lib="device" part="SPST">
      <description>Interrupteur simple</description>
      <fields>
        <field name="Reference">SW</field>
        <field name="Value">SPST</field>
      </fields>
      <pins>
        <pin num="1" name="1" type="input"/>
        <pin num="2" name="2" type="input"/>
      </pins>
    </libpart>
    <libpart lib="device" part="Switch_SPDT_x2">
      <description>Double Single Pole Double Throw (SPDT) switch</description>
      <fields>
        <field name="Reference">SW</field>
        <field name="Value">Switch_SPDT_x2</field>
      </fields>
      <pins>
        <pin num="1" name="A" type="passive"/>
        <pin num="2" name="B" type="passive"/>
        <pin num="3" name="C" type="passive"/>
        <pin num="4" name="A" type="passive"/>
        <pin num="5" name="B" type="passive"/>
        <pin num="6" name="C" type="passive"/>
      </pins>
    </libpart>
    <libpart lib="Custom" part="ULN2803">
      <fields>
        <field name="Reference">U</field>
        <field name="Value">ULN2803</field>
      </fields>
      <pins>
        <pin num="1" name="1B" type="input"/>
        <pin num="2" name="2B" type="input"/>
        <pin num="3" name="3B" type="input"/>
        <pin num="4" name="4B" type="input"/>
        <pin num="5" name="5B" type="input"/>
        <pin num="6" name="6B" type="input"/>
        <pin num="7" name="7B" type="input"/>
        <pin num="8" name="8B" type="input"/>
        <pin num="9" name="GND" type="output"/>
        <pin num="10" name="COM" type="openEm"/>
        <pin num="11" name="8C" type="openCol"/>
        <pin num="12" name="7C" type="openCol"/>
        <pin num="13" name="6C" type="openCol"/>
        <pin num="14" name="5C" type="openCol"/>
        <pin num="15" name="4C" type="openCol"/>
        <pin num="16" name="3C" type="openCol"/>
        <pin num="17" name="2C" type="openCol"/>
        <pin num="18" name="1C" type="openCol"/>
      </pins>
    </libpart>
    <libpart lib="device" part="ZENERsmall">
      <footprints>
        <fp>D?</fp>
        <fp>SO*</fp>
        <fp>SM*</fp>
      </footprints>
      <fields>
        <field name="Reference">D</field>
        <field name="Value">ZENERsmall</field>
      </fields>
      <pins>
        <pin num="1" name="K" type="passive"/>
        <pin num="2" name="A" type="passive"/>
      </pins>
    </libpart>
  </libparts>
  <libraries>
    <library logical="device">
      <uri>/usr/share/kicad/library/device.lib</uri>
    </library>
    <library logical="conn">
      <uri>/usr/share/kicad/library/conn.lib</uri>
    </library>
    <library logical="transistors">
      <uri>/usr/share/kicad/library/transistors.lib</uri>
    </library>
    <library logical="arduino_shieldsNCL">
      <uri>/home/loup/Téléchargements/Arduino_Shield_Modules_for_KiCad_V3/arduino_shieldsNCL.lib</uri>
    </library>
    <library logical="Custom">
      <uri>/home/loup/Kicad/CAPE_Controller_Schield/Custom.lib</uri>
    </library>
  </libraries>
  <nets>
    <net code="1" name="Net-(R3-Pad2)">
      <node ref="SW1" pin="1"/>
      <node ref="R3" pin="2"/>
    </net>
    <net code="2" name="Net-(P2-Pad1)">
      <node ref="U2" pin="2"/>
      <node ref="U2" pin="1"/>
      <node ref="P2" pin="1"/>
    </net>
    <net code="3" name="Net-(P2-Pad2)">
      <node ref="P2" pin="2"/>
      <node ref="U2" pin="3"/>
      <node ref="U2" pin="4"/>
    </net>
    <net code="4" name="SENS3">
      <node ref="P20" pin="7"/>
      <node ref="SHIELD1" pin="6"/>
      <node ref="SW5" pin="2"/>
      <node ref="P8" pin="4"/>
    </net>
    <net code="5" name="Net-(R6-Pad2)">
      <node ref="SW4" pin="1"/>
      <node ref="R6" pin="2"/>
    </net>
    <net code="6" name="SENS4">
      <node ref="SHIELD1" pin="7"/>
      <node ref="P20" pin="8"/>
      <node ref="SW4" pin="2"/>
      <node ref="P8" pin="3"/>
    </net>
    <net code="7" name="SENS1">
      <node ref="SHIELD1" pin="4"/>
      <node ref="SW3" pin="2"/>
      <node ref="P20" pin="5"/>
      <node ref="P7" pin="4"/>
    </net>
    <net code="8" name="SENS2">
      <node ref="SHIELD1" pin="5"/>
      <node ref="SW2" pin="2"/>
      <node ref="P20" pin="6"/>
      <node ref="P7" pin="3"/>
    </net>
    <net code="9" name="Net-(R5-Pad2)">
      <node ref="SW3" pin="1"/>
      <node ref="R5" pin="2"/>
    </net>
    <net code="10" name="Net-(R4-Pad2)">
      <node ref="R4" pin="2"/>
      <node ref="SW2" pin="1"/>
    </net>
    <net code="11" name="+5V">
      <node ref="D8" pin="1"/>
      <node ref="R27" pin="1"/>
      <node ref="C7" pin="1"/>
      <node ref="D5" pin="1"/>
      <node ref="Q2" pin="3"/>
      <node ref="D3" pin="1"/>
      <node ref="D1" pin="1"/>
      <node ref="R37" pin="1"/>
      <node ref="R33" pin="1"/>
      <node ref="R35" pin="1"/>
      <node ref="P17" pin="3"/>
      <node ref="U5" pin="3"/>
      <node ref="D7" pin="1"/>
      <node ref="R25" pin="1"/>
      <node ref="R39" pin="1"/>
      <node ref="R29" pin="1"/>
      <node ref="R31" pin="1"/>
      <node ref="SHIELD1" pin="5V"/>
      <node ref="P12" pin="2"/>
      <node ref="C6" pin="1"/>
    </net>
    <net code="12" name="Net-(P4-Pad4)">
      <node ref="P4" pin="4"/>
      <node ref="R13" pin="1"/>
    </net>
    <net code="13" name="Net-(P4-Pad3)">
      <node ref="P4" pin="3"/>
      <node ref="R11" pin="1"/>
    </net>
    <net code="14" name="Net-(P4-Pad2)">
      <node ref="R10" pin="1"/>
      <node ref="P4" pin="2"/>
    </net>
    <net code="15" name="Net-(P4-Pad1)">
      <node ref="R9" pin="2"/>
      <node ref="P4" pin="1"/>
    </net>
    <net code="16" name="Net-(C5-Pad2)">
      <node ref="D7" pin="2"/>
      <node ref="R23" pin="1"/>
      <node ref="U5" pin="2"/>
      <node ref="C5" pin="2"/>
    </net>
    <net code="17" name="Net-(P3-Pad1)">
      <node ref="U3" pin="2"/>
      <node ref="U3" pin="1"/>
      <node ref="P3" pin="1"/>
    </net>
    <net code="18" name="Net-(P3-Pad2)">
      <node ref="U3" pin="3"/>
      <node ref="U3" pin="4"/>
      <node ref="P3" pin="2"/>
    </net>
    <net code="19" name="GNDPWR">
      <node ref="P12" pin="1"/>
      <node ref="F1" pin="1"/>
    </net>
    <net code="20" name="Net-(R7-Pad2)">
      <node ref="R7" pin="2"/>
      <node ref="SW5" pin="1"/>
    </net>
    <net code="21" name="TX_EXT">
      <node ref="R38" pin="1"/>
      <node ref="P11" pin="4"/>
      <node ref="Q8" pin="2"/>
    </net>
    <net code="22" name="RX_EXT">
      <node ref="P11" pin="3"/>
      <node ref="R40" pin="1"/>
      <node ref="Q9" pin="2"/>
    </net>
    <net code="23" name="SDA">
      <node ref="P9" pin="3"/>
      <node ref="U4" pin="2"/>
      <node ref="U1" pin="2"/>
      <node ref="SW7" pin="2"/>
      <node ref="R2" pin="2"/>
      <node ref="P1" pin="2"/>
    </net>
    <net code="24" name="WSPEED">
      <node ref="P20" pin="4"/>
      <node ref="R10" pin="2"/>
      <node ref="D3" pin="2"/>
      <node ref="D4" pin="1"/>
      <node ref="SHIELD1" pin="3"/>
    </net>
    <net code="25" name="Net-(D14-Pad2)">
      <node ref="D14" pin="2"/>
      <node ref="U7" pin="4"/>
    </net>
    <net code="26" name="Net-(R21-Pad2)">
      <node ref="R21" pin="2"/>
      <node ref="U4" pin="11"/>
    </net>
    <net code="27" name="Net-(R22-Pad2)">
      <node ref="R22" pin="2"/>
      <node ref="U4" pin="10"/>
    </net>
    <net code="28" name="Net-(D9-Pad2)">
      <node ref="D9" pin="2"/>
      <node ref="U6" pin="2"/>
    </net>
    <net code="29" name="Net-(D10-Pad2)">
      <node ref="D10" pin="2"/>
      <node ref="U6" pin="4"/>
    </net>
    <net code="30" name="Net-(D11-Pad2)">
      <node ref="U6" pin="6"/>
      <node ref="D11" pin="2"/>
    </net>
    <net code="31" name="Net-(D12-Pad2)">
      <node ref="D12" pin="2"/>
      <node ref="U6" pin="8"/>
    </net>
    <net code="32" name="Net-(D16-Pad2)">
      <node ref="U7" pin="8"/>
      <node ref="D16" pin="2"/>
    </net>
    <net code="33" name="Net-(D15-Pad2)">
      <node ref="D15" pin="2"/>
      <node ref="U7" pin="6"/>
    </net>
    <net code="34" name="Net-(D13-Pad2)">
      <node ref="D13" pin="2"/>
      <node ref="U7" pin="2"/>
    </net>
    <net code="35" name="Net-(R22-Pad1)">
      <node ref="R22" pin="1"/>
      <node ref="U7" pin="7"/>
    </net>
    <net code="36" name="Net-(R21-Pad1)">
      <node ref="R21" pin="1"/>
      <node ref="U7" pin="5"/>
    </net>
    <net code="37" name="Net-(R20-Pad1)">
      <node ref="U7" pin="3"/>
      <node ref="R20" pin="1"/>
    </net>
    <net code="38" name="Net-(R19-Pad1)">
      <node ref="U7" pin="1"/>
      <node ref="R19" pin="1"/>
    </net>
    <net code="39" name="Net-(R18-Pad1)">
      <node ref="R18" pin="1"/>
      <node ref="U6" pin="7"/>
    </net>
    <net code="40" name="Net-(R17-Pad1)">
      <node ref="R17" pin="1"/>
      <node ref="U6" pin="5"/>
    </net>
    <net code="41" name="Net-(R16-Pad1)">
      <node ref="R16" pin="1"/>
      <node ref="U6" pin="3"/>
    </net>
    <net code="42" name="Net-(R15-Pad1)">
      <node ref="U6" pin="1"/>
      <node ref="R15" pin="1"/>
    </net>
    <net code="43" name="Net-(R17-Pad2)">
      <node ref="R17" pin="2"/>
      <node ref="U4" pin="15"/>
    </net>
    <net code="44" name="Net-(R15-Pad2)">
      <node ref="U4" pin="17"/>
      <node ref="R15" pin="2"/>
    </net>
    <net code="45" name="Net-(R16-Pad2)">
      <node ref="R16" pin="2"/>
      <node ref="U4" pin="16"/>
    </net>
    <net code="46" name="Net-(R18-Pad2)">
      <node ref="R18" pin="2"/>
      <node ref="U4" pin="14"/>
    </net>
    <net code="47" name="Net-(R19-Pad2)">
      <node ref="U4" pin="13"/>
      <node ref="R19" pin="2"/>
    </net>
    <net code="48" name="Net-(R20-Pad2)">
      <node ref="R20" pin="2"/>
      <node ref="U4" pin="12"/>
    </net>
    <net code="49" name="Net-(P18-Pad22)">
      <node ref="SHIELD1" pin="40"/>
      <node ref="P18" pin="22"/>
    </net>
    <net code="50" name="Net-(P18-Pad25)">
      <node ref="SHIELD1" pin="45"/>
      <node ref="P18" pin="25"/>
    </net>
    <net code="51" name="Net-(P18-Pad15)">
      <node ref="P18" pin="15"/>
      <node ref="SHIELD1" pin="35"/>
    </net>
    <net code="52" name="Net-(P18-Pad24)">
      <node ref="SHIELD1" pin="42"/>
      <node ref="P18" pin="24"/>
    </net>
    <net code="53" name="Net-(P18-Pad14)">
      <node ref="P18" pin="14"/>
      <node ref="SHIELD1" pin="32"/>
    </net>
    <net code="54" name="Net-(P18-Pad33)">
      <node ref="P18" pin="33"/>
      <node ref="SHIELD1" pin="53"/>
    </net>
    <net code="55" name="Net-(P18-Pad23)">
      <node ref="SHIELD1" pin="43"/>
      <node ref="P18" pin="23"/>
    </net>
    <net code="56" name="Net-(P18-Pad13)">
      <node ref="P18" pin="13"/>
      <node ref="SHIELD1" pin="33"/>
    </net>
    <net code="57" name="MI_MEGA">
      <node ref="P18" pin="32"/>
      <node ref="SHIELD1" pin="50"/>
      <node ref="SW10" pin="1"/>
    </net>
    <net code="58" name="Net-(P18-Pad16)">
      <node ref="SHIELD1" pin="34"/>
      <node ref="P18" pin="16"/>
    </net>
    <net code="59" name="Net-(P18-Pad12)">
      <node ref="SHIELD1" pin="30"/>
      <node ref="P18" pin="12"/>
    </net>
    <net code="60" name="Net-(P18-Pad21)">
      <node ref="SHIELD1" pin="41"/>
      <node ref="P18" pin="21"/>
    </net>
    <net code="61" name="Net-(P18-Pad10)">
      <node ref="P18" pin="10"/>
      <node ref="SHIELD1" pin="28"/>
    </net>
    <net code="62" name="Net-(P18-Pad9)">
      <node ref="P18" pin="9"/>
      <node ref="SHIELD1" pin="29"/>
    </net>
    <net code="63" name="Net-(Q2-Pad2)">
      <node ref="Q2" pin="2"/>
      <node ref="R24" pin="2"/>
    </net>
    <net code="64" name="Net-(P18-Pad29)">
      <node ref="SHIELD1" pin="49"/>
      <node ref="P18" pin="29"/>
    </net>
    <net code="65" name="Net-(P18-Pad19)">
      <node ref="P18" pin="19"/>
      <node ref="SHIELD1" pin="39"/>
    </net>
    <net code="66" name="Net-(P18-Pad28)">
      <node ref="SHIELD1" pin="46"/>
      <node ref="P18" pin="28"/>
    </net>
    <net code="67" name="Net-(P18-Pad18)">
      <node ref="P18" pin="18"/>
      <node ref="SHIELD1" pin="36"/>
    </net>
    <net code="68" name="Net-(P18-Pad27)">
      <node ref="SHIELD1" pin="47"/>
      <node ref="P18" pin="27"/>
    </net>
    <net code="69" name="Net-(P18-Pad17)">
      <node ref="P18" pin="17"/>
      <node ref="SHIELD1" pin="37"/>
    </net>
    <net code="70" name="Net-(P18-Pad26)">
      <node ref="P18" pin="26"/>
      <node ref="SHIELD1" pin="44"/>
    </net>
    <net code="71" name="Net-(F4-Pad1)">
      <node ref="U9" pin="13"/>
      <node ref="F4" pin="1"/>
    </net>
    <net code="72" name="Net-(F5-Pad1)">
      <node ref="U9" pin="14"/>
      <node ref="F5" pin="1"/>
    </net>
    <net code="73" name="Net-(F7-Pad2)">
      <node ref="F7" pin="2"/>
      <node ref="P13" pin="6"/>
    </net>
    <net code="74" name="Net-(F8-Pad2)">
      <node ref="P13" pin="7"/>
      <node ref="F8" pin="2"/>
    </net>
    <net code="75" name="WDIR">
      <node ref="P16" pin="4"/>
      <node ref="D1" pin="2"/>
      <node ref="D2" pin="1"/>
      <node ref="R9" pin="1"/>
      <node ref="R1" pin="2"/>
      <node ref="SHIELD1" pin="AD3"/>
    </net>
    <net code="76" name="Net-(P5-Pad2)">
      <node ref="P5" pin="2"/>
      <node ref="R14" pin="1"/>
    </net>
    <net code="77" name="Net-(P5-Pad1)">
      <node ref="R12" pin="2"/>
      <node ref="P5" pin="1"/>
    </net>
    <net code="78" name="Net-(F9-Pad2)">
      <node ref="F9" pin="2"/>
      <node ref="P13" pin="8"/>
    </net>
    <net code="79" name="5V_EXT">
      <node ref="P6" pin="2"/>
      <node ref="U3" pin="8"/>
      <node ref="R5" pin="1"/>
      <node ref="C10" pin="2"/>
      <node ref="C11" pin="2"/>
      <node ref="R4" pin="1"/>
      <node ref="R3" pin="1"/>
      <node ref="C1" pin="2"/>
      <node ref="P7" pin="2"/>
      <node ref="Q2" pin="1"/>
      <node ref="C2" pin="2"/>
      <node ref="R6" pin="1"/>
      <node ref="R7" pin="1"/>
      <node ref="U4" pin="18"/>
      <node ref="R1" pin="1"/>
      <node ref="P9" pin="2"/>
      <node ref="U1" pin="1"/>
      <node ref="U4" pin="6"/>
      <node ref="R2" pin="1"/>
      <node ref="U2" pin="8"/>
      <node ref="P1" pin="3"/>
      <node ref="P8" pin="2"/>
      <node ref="C4" pin="2"/>
      <node ref="R8" pin="1"/>
    </net>
    <net code="80" name="Net-(U7-Pad13)">
      <node ref="U7" pin="13"/>
      <node ref="U9" pin="6"/>
    </net>
    <net code="81" name="Net-(U7-Pad11)">
      <node ref="U9" pin="7"/>
      <node ref="U7" pin="11"/>
    </net>
    <net code="82" name="Net-(U6-Pad13)">
      <node ref="U9" pin="2"/>
      <node ref="U6" pin="13"/>
    </net>
    <net code="83" name="Net-(F2-Pad1)">
      <node ref="U9" pin="11"/>
      <node ref="F2" pin="1"/>
    </net>
    <net code="84" name="Net-(F9-Pad1)">
      <node ref="U9" pin="18"/>
      <node ref="F9" pin="1"/>
    </net>
    <net code="85" name="Net-(F8-Pad1)">
      <node ref="F8" pin="1"/>
      <node ref="U9" pin="17"/>
    </net>
    <net code="86" name="Net-(F7-Pad1)">
      <node ref="U9" pin="16"/>
      <node ref="F7" pin="1"/>
    </net>
    <net code="87" name="Net-(F6-Pad1)">
      <node ref="U9" pin="15"/>
      <node ref="F6" pin="1"/>
    </net>
    <net code="88" name="Net-(F6-Pad2)">
      <node ref="F6" pin="2"/>
      <node ref="P13" pin="5"/>
    </net>
    <net code="89" name="Net-(F5-Pad2)">
      <node ref="P13" pin="4"/>
      <node ref="F5" pin="2"/>
    </net>
    <net code="90" name="Net-(F4-Pad2)">
      <node ref="P13" pin="3"/>
      <node ref="F4" pin="2"/>
    </net>
    <net code="91" name="Net-(F3-Pad2)">
      <node ref="P13" pin="2"/>
      <node ref="F3" pin="2"/>
    </net>
    <net code="92" name="Net-(F3-Pad1)">
      <node ref="F3" pin="1"/>
      <node ref="U9" pin="12"/>
    </net>
    <net code="93" name="Net-(F2-Pad2)">
      <node ref="P13" pin="1"/>
      <node ref="F2" pin="2"/>
    </net>
    <net code="94" name="Net-(U6-Pad15)">
      <node ref="U9" pin="1"/>
      <node ref="U6" pin="15"/>
    </net>
    <net code="95" name="Net-(P18-Pad11)">
      <node ref="SHIELD1" pin="31"/>
      <node ref="P18" pin="11"/>
    </net>
    <net code="96" name="Net-(P18-Pad7)">
      <node ref="SHIELD1" pin="27"/>
      <node ref="P18" pin="7"/>
    </net>
    <net code="97" name="Net-(P18-Pad5)">
      <node ref="P18" pin="5"/>
      <node ref="SHIELD1" pin="25"/>
    </net>
    <net code="98" name="Net-(P18-Pad30)">
      <node ref="SHIELD1" pin="48"/>
      <node ref="P18" pin="30"/>
    </net>
    <net code="99" name="Net-(P18-Pad3)">
      <node ref="P18" pin="3"/>
      <node ref="SHIELD1" pin="23"/>
    </net>
    <net code="100" name="Net-(P18-Pad8)">
      <node ref="SHIELD1" pin="26"/>
      <node ref="P18" pin="8"/>
    </net>
    <net code="101" name="Net-(P18-Pad6)">
      <node ref="P18" pin="6"/>
      <node ref="SHIELD1" pin="24"/>
    </net>
    <net code="102" name="Net-(P18-Pad4)">
      <node ref="SHIELD1" pin="22"/>
      <node ref="P18" pin="4"/>
    </net>
    <net code="103" name="GND">
      <node ref="D9" pin="1"/>
      <node ref="C5" pin="1"/>
      <node ref="D4" pin="2"/>
      <node ref="F1" pin="2"/>
      <node ref="U1" pin="3"/>
      <node ref="R23" pin="2"/>
      <node ref="P1" pin="4"/>
      <node ref="U5" pin="1"/>
      <node ref="U3" pin="6"/>
      <node ref="P8" pin="1"/>
      <node ref="D15" pin="1"/>
      <node ref="D14" pin="1"/>
      <node ref="D13" pin="1"/>
      <node ref="P6" pin="1"/>
      <node ref="D12" pin="1"/>
      <node ref="D11" pin="1"/>
      <node ref="P11" pin="1"/>
      <node ref="D16" pin="1"/>
      <node ref="D10" pin="1"/>
      <node ref="C7" pin="2"/>
      <node ref="U2" pin="5"/>
      <node ref="C11" pin="1"/>
      <node ref="SHIELD1" pin="GND1"/>
      <node ref="SHIELD1" pin="GND3"/>
      <node ref="SHIELD1" pin="GND4"/>
      <node ref="SHIELD1" pin="GND5"/>
      <node ref="C6" pin="2"/>
      <node ref="D8" pin="2"/>
      <node ref="P9" pin="1"/>
      <node ref="C10" pin="1"/>
      <node ref="U4" pin="9"/>
      <node ref="U4" pin="3"/>
      <node ref="R11" pin="2"/>
      <node ref="R13" pin="2"/>
      <node ref="D6" pin="2"/>
      <node ref="U4" pin="5"/>
      <node ref="D2" pin="2"/>
      <node ref="R14" pin="2"/>
      <node ref="P7" pin="1"/>
      <node ref="C1" pin="1"/>
      <node ref="C2" pin="1"/>
      <node ref="U3" pin="5"/>
      <node ref="U2" pin="6"/>
      <node ref="P17" pin="4"/>
      <node ref="P21" pin="7"/>
      <node ref="C4" pin="1"/>
      <node ref="U4" pin="4"/>
    </net>
    <net code="104" name="Net-(P19-Pad8)">
      <node ref="SHIELD1" pin="14"/>
      <node ref="P19" pin="8"/>
    </net>
    <net code="105" name="Net-(P10-Pad8)">
      <node ref="P10" pin="8"/>
      <node ref="SHIELD1" pin="AD15"/>
    </net>
    <net code="106" name="Net-(P10-Pad7)">
      <node ref="SHIELD1" pin="AD14"/>
      <node ref="P10" pin="7"/>
    </net>
    <net code="107" name="Net-(P10-Pad6)">
      <node ref="SHIELD1" pin="AD13"/>
      <node ref="P10" pin="6"/>
    </net>
    <net code="108" name="Net-(P10-Pad5)">
      <node ref="P10" pin="5"/>
      <node ref="SHIELD1" pin="AD12"/>
    </net>
    <net code="109" name="Net-(P10-Pad4)">
      <node ref="P10" pin="4"/>
      <node ref="SHIELD1" pin="AD11"/>
    </net>
    <net code="110" name="Net-(P10-Pad3)">
      <node ref="P10" pin="3"/>
      <node ref="SHIELD1" pin="AD10"/>
    </net>
    <net code="111" name="Net-(P10-Pad2)">
      <node ref="SHIELD1" pin="AD9"/>
      <node ref="P10" pin="2"/>
    </net>
    <net code="112" name="Net-(P10-Pad1)">
      <node ref="SHIELD1" pin="AD8"/>
      <node ref="P10" pin="1"/>
    </net>
    <net code="113" name="Net-(P19-Pad7)">
      <node ref="SHIELD1" pin="15"/>
      <node ref="P19" pin="7"/>
    </net>
    <net code="114" name="SCK_MEGA">
      <node ref="P18" pin="34"/>
      <node ref="SHIELD1" pin="52"/>
      <node ref="SW9" pin="1"/>
    </net>
    <net code="115" name="Net-(P18-Pad35)">
      <node ref="P18" pin="36"/>
      <node ref="P18" pin="35"/>
    </net>
    <net code="116" name="Net-(P18-Pad1)">
      <node ref="P18" pin="1"/>
      <node ref="P18" pin="2"/>
      <node ref="SHIELD1" pin="5V_4"/>
      <node ref="SHIELD1" pin="5V_5"/>
    </net>
    <net code="117" name="Net-(P19-Pad4)">
      <node ref="P19" pin="4"/>
      <node ref="SHIELD1" pin="18"/>
    </net>
    <net code="118" name="Net-(P19-Pad5)">
      <node ref="SHIELD1" pin="17"/>
      <node ref="P19" pin="5"/>
    </net>
    <net code="119" name="Net-(P19-Pad6)">
      <node ref="P19" pin="6"/>
      <node ref="SHIELD1" pin="16"/>
    </net>
    <net code="120" name="Net-(P18-Pad20)">
      <node ref="SHIELD1" pin="38"/>
      <node ref="P18" pin="20"/>
    </net>
    <net code="121" name="INT_ATMEGA">
      <node ref="SHIELD1" pin="19"/>
      <node ref="Q7" pin="3"/>
      <node ref="P19" pin="3"/>
      <node ref="R35" pin="2"/>
    </net>
    <net code="122" name="INT_EXT">
      <node ref="R36" pin="1"/>
      <node ref="P15" pin="8"/>
      <node ref="Q7" pin="2"/>
    </net>
    <net code="123" name="CS2_ATMEGA">
      <node ref="R31" pin="2"/>
      <node ref="SHIELD1" pin="9"/>
      <node ref="P21" pin="2"/>
      <node ref="Q5" pin="3"/>
    </net>
    <net code="124" name="Net-(P15-Pad1)">
      <node ref="P15" pin="1"/>
    </net>
    <net code="125" name="MOSI_ATMEGA">
      <node ref="R25" pin="2"/>
      <node ref="Q1" pin="3"/>
      <node ref="SW11" pin="2"/>
    </net>
    <net code="126" name="+3V3">
      <node ref="R34" pin="2"/>
      <node ref="P17" pin="2"/>
      <node ref="Q6" pin="1"/>
      <node ref="Q9" pin="1"/>
      <node ref="R40" pin="2"/>
      <node ref="R28" pin="2"/>
      <node ref="R30" pin="2"/>
      <node ref="Q3" pin="1"/>
      <node ref="Q1" pin="1"/>
      <node ref="P15" pin="2"/>
      <node ref="R26" pin="2"/>
      <node ref="SHIELD1" pin="3V3"/>
      <node ref="R36" pin="2"/>
      <node ref="Q7" pin="1"/>
      <node ref="R32" pin="2"/>
      <node ref="Q5" pin="1"/>
      <node ref="R38" pin="2"/>
      <node ref="Q8" pin="1"/>
      <node ref="Q4" pin="1"/>
      <node ref="P11" pin="2"/>
    </net>
    <net code="127" name="CS2_EXT">
      <node ref="P15" pin="3"/>
      <node ref="Q5" pin="2"/>
      <node ref="R32" pin="1"/>
    </net>
    <net code="128" name="CS1_EXT">
      <node ref="Q3" pin="2"/>
      <node ref="R28" pin="1"/>
      <node ref="P15" pin="4"/>
    </net>
    <net code="129" name="SCL">
      <node ref="U1" pin="4"/>
      <node ref="SW8" pin="2"/>
      <node ref="P9" pin="4"/>
      <node ref="P1" pin="1"/>
      <node ref="U4" pin="1"/>
      <node ref="R8" pin="2"/>
    </net>
    <net code="130" name="MISO_ATMEGA">
      <node ref="SW10" pin="2"/>
      <node ref="R29" pin="2"/>
      <node ref="Q4" pin="3"/>
    </net>
    <net code="131" name="MISO_EXT">
      <node ref="R30" pin="1"/>
      <node ref="P15" pin="7"/>
      <node ref="Q4" pin="2"/>
    </net>
    <net code="132" name="MOSI_EXT">
      <node ref="P15" pin="6"/>
      <node ref="R26" pin="1"/>
      <node ref="Q1" pin="2"/>
    </net>
    <net code="133" name="SCK_EXT">
      <node ref="R34" pin="1"/>
      <node ref="Q6" pin="2"/>
      <node ref="P15" pin="5"/>
    </net>
    <net code="134" name="Net-(P17-Pad1)">
      <node ref="P17" pin="1"/>
      <node ref="SHIELD1" pin="RST"/>
    </net>
    <net code="135" name="Net-(P16-Pad7)">
      <node ref="SHIELD1" pin="AD6"/>
      <node ref="P16" pin="7"/>
    </net>
    <net code="136" name="Net-(P17-Pad6)">
      <node ref="P17" pin="6"/>
      <node ref="SHIELD1" pin="V_IN"/>
    </net>
    <net code="137" name="Net-(P17-Pad5)">
      <node ref="SHIELD1" pin="GND2"/>
      <node ref="P17" pin="5"/>
    </net>
    <net code="138" name="Net-(P16-Pad8)">
      <node ref="SHIELD1" pin="AD7"/>
      <node ref="P16" pin="8"/>
    </net>
    <net code="139" name="CUR2">
      <node ref="P16" pin="1"/>
      <node ref="SHIELD1" pin="AD0"/>
      <node ref="U3" pin="7"/>
    </net>
    <net code="140" name="CUR1">
      <node ref="SHIELD1" pin="AD1"/>
      <node ref="P16" pin="2"/>
      <node ref="U2" pin="7"/>
    </net>
    <net code="141" name="Net-(P21-Pad8)">
      <node ref="P21" pin="8"/>
      <node ref="SHIELD1" pin="AREF"/>
    </net>
    <net code="142" name="SCK_ATMEGA">
      <node ref="Q6" pin="3"/>
      <node ref="R33" pin="2"/>
      <node ref="SW9" pin="2"/>
    </net>
    <net code="143" name="Net-(U7-Pad15)">
      <node ref="U7" pin="15"/>
      <node ref="U9" pin="5"/>
    </net>
    <net code="144" name="Net-(U6-Pad9)">
      <node ref="U6" pin="9"/>
      <node ref="U9" pin="4"/>
    </net>
    <net code="145" name="Net-(U6-Pad11)">
      <node ref="U9" pin="3"/>
      <node ref="U6" pin="11"/>
    </net>
    <net code="146" name="Net-(U7-Pad9)">
      <node ref="U7" pin="9"/>
      <node ref="U9" pin="8"/>
    </net>
    <net code="147" name="MO_MEGA">
      <node ref="P18" pin="31"/>
      <node ref="SHIELD1" pin="51"/>
      <node ref="SW11" pin="1"/>
    </net>
    <net code="148" name="GNDD">
      <node ref="C9" pin="1"/>
      <node ref="D18" pin="2"/>
      <node ref="U9" pin="9"/>
      <node ref="P14" pin="1"/>
      <node ref="C8" pin="2"/>
    </net>
    <net code="149" name="+24V">
      <node ref="U7" pin="14"/>
      <node ref="D18" pin="1"/>
      <node ref="U7" pin="12"/>
      <node ref="U6" pin="14"/>
      <node ref="C8" pin="1"/>
      <node ref="U6" pin="12"/>
      <node ref="U9" pin="10"/>
      <node ref="U6" pin="10"/>
      <node ref="P14" pin="2"/>
      <node ref="U7" pin="16"/>
      <node ref="C9" pin="2"/>
      <node ref="U7" pin="10"/>
      <node ref="U6" pin="16"/>
    </net>
    <net code="150" name="Net-(U4-Pad8)">
      <node ref="U4" pin="8"/>
    </net>
    <net code="151" name="Net-(U4-Pad7)">
      <node ref="U4" pin="7"/>
    </net>
    <net code="152" name="SDA_MEGA">
      <node ref="SW7" pin="1"/>
      <node ref="SHIELD1" pin="20"/>
      <node ref="P19" pin="2"/>
    </net>
    <net code="153" name="SCL_MEGA">
      <node ref="P19" pin="1"/>
      <node ref="SHIELD1" pin="21"/>
      <node ref="SW8" pin="1"/>
    </net>
    <net code="154" name="RAIN">
      <node ref="D5" pin="2"/>
      <node ref="D6" pin="1"/>
      <node ref="R12" pin="1"/>
      <node ref="SHIELD1" pin="2"/>
      <node ref="P20" pin="3"/>
    </net>
    <net code="155" name="TX_ATMEGA">
      <node ref="SHIELD1" pin="1"/>
      <node ref="Q8" pin="3"/>
      <node ref="R37" pin="2"/>
      <node ref="P20" pin="2"/>
    </net>
    <net code="156" name="RX_ATMEGA">
      <node ref="P20" pin="1"/>
      <node ref="SHIELD1" pin="0"/>
      <node ref="R39" pin="2"/>
      <node ref="Q9" pin="3"/>
    </net>
    <net code="157" name="MO_UNO">
      <node ref="P21" pin="5"/>
      <node ref="SW11" pin="3"/>
      <node ref="SHIELD1" pin="12"/>
    </net>
    <net code="158" name="SCK_UNO">
      <node ref="SHIELD1" pin="13"/>
      <node ref="P21" pin="6"/>
      <node ref="SW9" pin="3"/>
    </net>
    <net code="159" name="SCL_UNO">
      <node ref="SHIELD1" pin="AD5"/>
      <node ref="P16" pin="6"/>
      <node ref="SW8" pin="3"/>
    </net>
    <net code="160" name="MI_UNO">
      <node ref="SHIELD1" pin="11"/>
      <node ref="P21" pin="4"/>
      <node ref="SW10" pin="3"/>
    </net>
    <net code="161" name="CS1_ATMEGA">
      <node ref="P21" pin="3"/>
      <node ref="Q3" pin="3"/>
      <node ref="R27" pin="2"/>
      <node ref="SHIELD1" pin="10"/>
    </net>
    <net code="162" name="ON/OFF_EXT">
      <node ref="R24" pin="1"/>
      <node ref="P21" pin="1"/>
      <node ref="SHIELD1" pin="8"/>
    </net>
    <net code="163" name="SDA_UNO">
      <node ref="SW7" pin="3"/>
      <node ref="P16" pin="5"/>
      <node ref="SHIELD1" pin="AD4"/>
    </net>
    <net code="164" name="AN1">
      <node ref="SHIELD1" pin="AD2"/>
      <node ref="P16" pin="3"/>
      <node ref="P6" pin="3"/>
      <node ref="SW1" pin="2"/>
    </net>
    <net code="165" name="Net-(P9-Pad6)">
      <node ref="P9" pin="6"/>
    </net>
    <net code="166" name="Net-(P9-Pad5)">
      <node ref="P9" pin="5"/>
    </net>
  </nets>
</export>
